[
  {
    "date": "2026-02-01",
    "day_of_week": "Sunday",
    "posts": [],
    "post_count": 0
  },
  {
    "date": "2026-02-02",
    "day_of_week": "Monday",
    "posts": [],
    "post_count": 0
  },
  {
    "date": "2026-02-03",
    "day_of_week": "Tuesday",
    "posts": [],
    "post_count": 0
  },
  {
    "date": "2026-02-04",
    "day_of_week": "Wednesday",
    "posts": [],
    "post_count": 0
  },
  {
    "date": "2026-02-05",
    "day_of_week": "Thursday",
    "posts": [],
    "post_count": 0
  },
  {
    "date": "2026-02-06",
    "day_of_week": "Friday",
    "posts": [],
    "post_count": 0
  },
  {
    "date": "2026-02-07",
    "day_of_week": "Saturday",
    "posts": [],
    "post_count": 0
  }
]